{"cameraMode":{"drawMode":0,"name":"Shaded","section":"Shading Mode"},"sceneLighting":false,"audioPlay":false,"sceneViewState":{"showFog":true,"showMaterialUpdate":false,"showSkybox":true,"showFlares":true,"showImageEffects":true,"showParticleSystems":true},"in2DMode":false,"pivot":{"x":0.3057384490966797,"y":-2.7247140407562258,"z":-1.8221774101257325},"rotation":{"x":-0.2113136351108551,"y":-0.7652513384819031,"z":0.5238915085792542,"w":-0.3086661100387573},"size":4.950000286102295,"orthographic":false}