{"cameraMode":{"drawMode":0,"name":"Shaded","section":"Shading Mode"},"sceneLighting":false,"audioPlay":false,"sceneViewState":{"showFog":true,"showMaterialUpdate":false,"showSkybox":true,"showFlares":true,"showImageEffects":true,"showParticleSystems":true},"in2DMode":false,"pivot":{"x":-0.5754950642585754,"y":0.7392615675926209,"z":0.5957044959068298},"rotation":{"x":0.005575568415224552,"y":0.9748842120170593,"z":0.02456287480890751,"w":-0.22128336131572724},"size":2.8578836917877199,"orthographic":false}