{"cameraMode":{"drawMode":0,"name":"Shaded","section":"Shading Mode"},"sceneLighting":false,"audioPlay":false,"sceneViewState":{"showFog":true,"showMaterialUpdate":false,"showSkybox":true,"showFlares":true,"showImageEffects":true,"showParticleSystems":true},"in2DMode":false,"pivot":{"x":-0.16272521018981934,"y":-0.13218410313129426,"z":-0.45625877380371096},"rotation":{"x":-0.0002632573014125228,"y":0.9995032548904419,"z":0.008686140179634095,"w":0.030295154079794885},"size":2.3566715717315676,"orthographic":false}