{"cameraMode":{"drawMode":0,"name":"Shaded","section":"Shading Mode"},"sceneLighting":false,"audioPlay":false,"sceneViewState":{"showFog":true,"showMaterialUpdate":false,"showSkybox":true,"showFlares":true,"showImageEffects":true,"showParticleSystems":true},"in2DMode":false,"pivot":{"x":1943.4638671875,"y":648.43505859375,"z":-63.1884651184082},"rotation":{"x":-0.11383185535669327,"y":0.7179022431373596,"z":-0.1208781749010086,"w":-0.6760527491569519},"size":84.60899353027344,"orthographic":false}