{"cameraMode":{"drawMode":0,"name":"Shaded","section":"Shading Mode"},"sceneLighting":false,"audioPlay":false,"sceneViewState":{"showFog":true,"showMaterialUpdate":false,"showSkybox":true,"showFlares":true,"showImageEffects":true,"showParticleSystems":true},"in2DMode":false,"pivot":{"x":-1.2492815256118775,"y":-2.2565081119537355,"z":-2.294252634048462},"rotation":{"x":-0.12363439798355103,"y":-0.861624002456665,"z":0.4229438006877899,"w":-0.2518674433231354},"size":4.950000286102295,"orthographic":false}