{"cameraMode":{"drawMode":0,"name":"Shaded","section":"Shading Mode"},"sceneLighting":false,"audioPlay":false,"sceneViewState":{"showFog":true,"showMaterialUpdate":false,"showSkybox":true,"showFlares":true,"showImageEffects":true,"showParticleSystems":true},"in2DMode":false,"pivot":{"x":-3.595686674118042,"y":1.7732312679290772,"z":-2.5872910022735597},"rotation":{"x":-0.23304037749767304,"y":-0.7112382054328919,"z":0.27455323934555056,"w":-0.6036994457244873},"size":0.6169618368148804,"orthographic":false}