{"cameraMode":{"drawMode":0,"name":"Shaded","section":"Shading Mode"},"sceneLighting":false,"audioPlay":false,"sceneViewState":{"showFog":true,"showMaterialUpdate":false,"showSkybox":true,"showFlares":true,"showImageEffects":true,"showParticleSystems":true},"in2DMode":false,"pivot":{"x":-0.7718122005462647,"y":-0.26146626472473147,"z":0.435401976108551},"rotation":{"x":-0.08304239809513092,"y":0.9167495369911194,"z":-0.2659093141555786,"w":-0.2862980365753174},"size":2.8578836917877199,"orthographic":false}